,wave,I,err
0,0.6859993934631348,0.9427235625554408,0.027517425672150053
1,0.687481701374054,0.9458217768536776,0.03515104254546431
2,0.6889641284942627,0.9798169127989205,0.029023380795508185
3,0.6904469132423401,0.9410009495588044,0.022333861074443895
4,0.6919302940368652,0.9575911243310421,0.01523088573966507
5,0.6934144496917725,0.9650119229448653,0.02237485373756122
6,0.6948995590209961,0.9848102407630008,0.015526229705186398
7,0.69638592004776,0.9801119787109076,0.01384950438861773
8,0.6978737115859985,0.9747477391849608,0.012347362606551183
9,0.6993630528450012,0.960921686750251,0.017132717405909152
10,0.7008542418479919,0.9876729621753829,0.017632926919494564
11,0.7023473381996155,0.9676252915182942,0.014595948851745581
12,0.7038426995277405,0.9645736442242204,0.015175491229060693
13,0.7053403854370117,0.9885025122138662,0.011004904058557832
14,0.7068405747413635,0.9867319104359452,0.013443364509440418
15,0.7083435654640198,1.0115460482186485,0.014899918532659108
16,0.7098493576049805,0.9958154369725768,0.012664093340638906
17,0.7113583087921143,1.0312556157779462,0.008642396120933763
18,0.7128704190254211,1.0190591316309658,0.0085567929560564
19,0.7143859267234802,1.0233212608191988,0.009829396408846985
20,0.7159050703048706,1.009490315480878,0.00868788770723039
21,0.7174278497695923,1.01160639867272,0.007748759778564669
22,0.7189545035362244,1.014551528489632,0.00828126785502284
23,0.7204852104187012,1.0248348659005773,0.00941862997722619
24,0.7220200896263123,1.0365601560835849,0.007634944957855516
25,0.7235593199729919,1.0243049617957205,0.006684758848206027
26,0.725102961063385,1.0360634062143117,0.006530272384426165
27,0.7266512513160706,1.0264037011954674,0.006955442117020321
28,0.7282042503356934,1.0322449755879899,0.007597598096785341
29,0.729762077331543,1.0231819202339032,0.007873913163389173
30,0.7313249707221985,1.0291428760633594,0.0075402693980557555
31,0.7328929901123047,1.0323223289637176,0.007670529279346051
32,0.7344662547111511,1.036117006642285,0.006301271851719236
33,0.7360448837280273,1.0428616907393256,0.007936093282857016
34,0.7376290559768677,1.0376786528986757,0.0075146294810076505
35,0.7392187714576721,1.0458744061005911,0.007077604886951953
36,0.7408142685890198,1.0465055392352365,0.005857221909554015
37,0.7424156069755554,1.0477463500103144,0.006108573748121487
38,0.7440229058265686,1.0538908390527173,0.005959728818997883
39,0.7456362843513489,1.0607124459627495,0.005253758247671487
40,0.7472558021545409,1.0599288977988068,0.007920840712383116
41,0.7488815784454346,1.0588132711779237,0.007616925932196653
42,0.7505136728286743,1.053863086624141,0.007544503403009856
43,0.7521522641181946,1.0483918622010286,0.007375701865799802
44,0.7537974715232849,1.0516269094772883,0.008766464706190021
45,0.7554492354393005,1.0494114135118726,0.00746967505310746
46,0.7571077346801758,1.0571187028260272,0.00631337771663905
47,0.7587730884552002,1.0603654371649078,0.006946775480996333
48,0.7604453563690186,1.0626452390722938,0.0071349682897270525
49,0.7621245980262756,1.0606188616523906,0.006709219802450166
50,0.7638108730316162,1.0524606650501505,0.007182656519221549
51,0.7655043005943298,1.0674703062556856,0.006127294758407959
52,0.7672049403190613,1.0616131485976297,0.006673399345768349
53,0.7689128518104553,1.0673419385036065,0.004890350842624469
54,0.7706281542778015,1.0644695847641912,0.005268285903694009
55,0.7723508477210999,1.062391225162597,0.006626198930856936
56,0.7740810513496399,1.0521006428686221,0.00792862967567586
57,0.7758187651634216,1.0533778398188076,0.007374787517366334
58,0.7775641679763794,1.0672798356205713,0.005311010610921531
59,0.7793172001838684,1.055776880338261,0.00588136192610633
60,0.7810779213905334,1.064831996760369,0.0065905100861640975
61,0.7828464508056641,1.0588276024735943,0.006214876599054095
62,0.784622848033905,1.0563713430024684,0.006169531862774812
63,0.7864071130752563,1.0531809039602118,0.0056084375621664306
64,0.7881993055343628,1.0408952770976057,0.0056846161455593805
65,0.7899994850158691,1.0409642683130098,0.005843588663193106
66,0.7918076515197754,1.0480881656030718,0.006025129041367185
67,0.7936239242553711,1.0449629090242003,0.005872274720507839
68,0.7954483032226562,1.0344092994234473,0.006126439540728992
69,0.7972808480262756,1.035012835111078,0.00658044563219459
70,0.7991215586662292,1.032787869622412,0.005678333234570843
71,0.8009704947471619,1.0357968772513495,0.0057573705726154745
72,0.8028277158737183,1.029779298400117,0.0053004372422480505
73,0.8046931624412537,1.0303742596207912,0.005376934667877007
74,0.8065669536590576,1.0179670577856894,0.00534190798075743
75,0.8084490895271301,1.0179618809346198,0.005419304958533895
76,0.810339629650116,1.0234761588251342,0.005702506360163752
77,0.8122385144233704,1.0283374484512515,0.005229878955801592
78,0.8141458034515381,1.0150426887159043,0.005450778144301883
79,0.8160615563392639,1.013216218680263,0.00543585118299461
80,0.8179857730865479,1.0125521534291817,0.005463535750998503
81,0.8199184536933899,1.0131511129182718,0.004974821469313206
82,0.82185959815979,1.0045155622215252,0.00414610263312688
83,0.8238093256950378,1.0085792058889498,0.004239841917083082
84,0.8257675170898438,1.0067829500505894,0.004162151346234892
85,0.8277342319488525,1.0002175492802794,0.004686927586179718
86,0.8297094702720642,1.0043386114764723,0.006069438795793451
87,0.8316932916641235,0.9890009498372418,0.005111195508221795
88,0.8336856961250305,0.9924556631434244,0.005110333795889292
89,0.8356866240501404,1.0001067950787719,0.004859418169563327
90,0.8376960754394531,0.9883276340580807,0.004127804637387415
91,0.8397141695022583,0.9851330829036677,0.0049399943205307665
92,0.8417407870292664,0.981973491932811,0.004613424343467354
93,0.8437759876251221,0.9783294069770196,0.005016797821791054
94,0.8458197712898254,0.9770009447576355,0.004750117543644357
95,0.8478720784187317,0.97546651934784,0.00463281989130991
96,0.8499329686164856,0.97546651934784,0.004230095642044856
97,0.8520023822784424,0.9702468048898227,0.004021366445590711
98,0.8540803790092468,0.9653274756868454,0.003995013161777639
99,0.8561668992042542,0.9663998820256936,0.003977253883603561
100,0.8582619428634644,0.9635030978504772,0.004063872358665136
101,0.8603655099868774,0.9610058163007896,0.004545749920990109
102,0.8624776005744934,0.9514343819008444,0.0045117036788205125
103,0.8645981550216675,0.9609231331673391,0.003843324301009614
104,0.8667272329330444,0.9530830498411362,0.004605649356039441
105,0.8688647150993347,0.9483177293330941,0.004172021675184259
106,0.8710107207298279,0.9486874796874699,0.0042899506936312755
107,0.8731650710105896,0.939255967960648,0.004253886619267818
108,0.8753278851509094,0.9400224888452364,0.004329963054412808
109,0.8774990439414978,0.9390122269043442,0.004362933562865361
110,0.8796786069869995,0.9369312843620904,0.004439312232762248
111,0.8818665146827698,0.936802326843824,0.0044998283443449805
112,0.8840627074241638,0.9376026788424452,0.004210738403355646
113,0.8862672448158264,0.9379072239022458,0.0035011872394850427
114,0.888480007648468,0.9411077701272176,0.003995140731442282
115,0.8907010555267334,0.933427058424804,0.004549923084814911
116,0.8929303288459778,0.9375497510324244,0.004418822603643684
117,0.8951677680015564,0.9259138047377944,0.005066875640735363
118,0.8974133729934692,0.9305698841777222,0.004186724345841633
119,0.8996670842170715,0.9243899516762542,0.0043229373851481475
120,0.901928961277008,0.9224783708441218,0.004235347517116722
121,0.9041988253593444,0.9197785913960024,0.003576805486182917
122,0.9064767956733704,0.9294120903295622,0.003745298507138603
123,0.908762753009796,0.923554263199462,0.004198775373893875
124,0.911056637763977,0.9160283738316272,0.00402288975578552
125,0.913358509540558,0.9113370931860734,0.003630430651437556
126,0.915668249130249,0.9197030366309515,0.004175790354724317
127,0.9179858565330504,0.9162086214047596,0.004463980601438044
128,0.9203112721443176,0.9135510306274476,0.0045511209093575655
129,0.9226444363594056,0.90248752843,0.004830744304141726
130,0.9249854087829591,0.9076009844551348,0.003418935635827669
131,0.9273340702056884,0.906714849112169,0.003396011957787276
132,0.9296903610229492,0.9065310155098143,0.004192713768379479
133,0.9320542812347412,0.8959192541524361,0.0044206900872530265
134,0.9344257712364196,0.8916358275379151,0.004004010206003022
135,0.9368048310279846,0.8965976475305637,0.0035637200397036946
136,0.9391914010047911,0.8954743316336417,0.00453271721759374
137,0.94158536195755,0.8950374571702917,0.004325761282404662
138,0.9439867734909058,0.8903262660194676,0.004309533492760743
139,0.9463955163955688,0.8969172372234628,0.004273315807018345
140,0.9488115310668944,0.9035291475333616,0.004278494975189141
141,0.9512348771095276,0.9005849081032979,0.0039036387945605203
142,0.9536653757095336,0.9052746600008852,0.0039112466750652825
143,0.9561030864715576,0.8978553146574682,0.004019313879723438
144,0.9585479497909546,0.9020334793019416,0.00398478664769801
145,0.9609997868537904,0.9058681546124664,0.0035245484852866314
146,0.9634587168693542,0.9115117488061564,0.003595794863198763
147,0.9659246206283568,0.9053941126479156,0.00343034104312548
148,0.9683974385261536,0.9044362057217712,0.0036817816348826927
149,0.9708771109580994,0.9113148997587543,0.0040903000668582375
150,0.9733635783195496,0.9159477438933245,0.0034947619740845572
151,0.9758568406105042,0.9072850259281504,0.0042660973792866715
152,0.9783568382263184,0.9102496029722013,0.003726067478779169
153,0.9808634519577026,0.9139993238554698,0.003869836163408671
154,0.983376681804657,0.9124975819771332,0.003606813753089291
155,0.9858964681625366,0.9105980109142916,0.004000294945399925
156,0.9884227514266968,0.915906673227786,0.0036749695838335303
157,0.9909554719924928,0.9207625952935048,0.003071063767246422
158,0.9934946298599244,0.918258482248108,0.0032951407767552307
159,0.9960400462150574,0.9235098696179465,0.0038289711353789724
160,0.9985917806625366,0.921099157966344,0.0035622834160875206
161,1.0011497735977173,0.9238817449417815,0.002881278702495197
162,1.003713846206665,0.9311192463218104,0.003777666270059083
163,1.0062841176986694,0.9247555136628912,0.0036307774927394555
164,1.0088603496551514,0.9263216223036684,0.0031738342937209264
165,1.0114426612854004,0.9295732380672009,0.0030680225699551383
166,1.0140308141708374,0.9254604438663212,0.003281269249918091
167,1.0166249275207522,0.9203906613939921,0.003558703281863913
168,1.019224762916565,0.9261819439793968,0.0033086007325542712
169,1.021830439567566,0.9294950869157388,0.0033135727598116475
170,1.024441838264465,0.9299930876646896,0.0034534964339945295
171,1.0270588397979736,0.92741758902201,0.0035209898854620058
172,1.0296813249588013,0.9317321028877444,0.0033801655695949104
173,1.0323094129562378,0.9323605812879088,0.004330191475944519
174,1.0349429845809937,0.9288474815203098,0.0038238306445947425
175,1.0375820398330688,0.9314401233359118,0.0034284680015847506
176,1.0402263402938845,0.9349081261083899,0.0037705842643723816
177,1.04287588596344,0.9383776206520068,0.004189292746131334
178,1.0455306768417358,0.9395746285863982,0.0033682983572748556
179,1.048190712928772,0.9398449250404857,0.0033838761907163855
180,1.0508557558059692,0.9435646372283313,0.0035294384931873223
181,1.0535259246826172,0.9377796510083368,0.0035048190170431045
182,1.0562009811401367,0.9394090606047228,0.0030743721528345537
183,1.0588809251785278,0.9427514977598428,0.00377556552626003
184,1.0615658760070799,0.947184865234222,0.0035748279540016034
185,1.0642554759979248,0.9446126318836344,0.004009991121702101
186,1.0669498443603516,0.9467435806416348,0.00391487495477247
187,1.0696489810943604,0.9436868975449817,0.003939577721069147
188,1.072352647781372,0.9476947228045932,0.0032066823663530575
189,1.0750608444213867,0.9509645656827324,0.0034888632619264237
190,1.0777735710144043,0.9518794138491364,0.004017012621127175
191,1.0804905891418457,0.947236933551739,0.0038066460941636807
192,1.08321213722229,0.9637651105255474,0.003745535685526846
193,1.0859378576278689,0.9506136599970124,0.0034720611141592153
194,1.0886678695678709,0.9623429698394472,0.004025402773868167
195,1.0914020538330078,0.9575951196775,0.004910511866654825
196,1.0941404104232788,0.9628708283366856,0.004280746182223873
197,1.096882700920105,0.9618028368962488,0.00431214868095909
198,1.099629044532776,0.9548475670433954,0.004205797861276544
199,1.102379322052002,0.9658787761911656,0.00549988622506044
200,1.1051335334777832,0.9622669732429596,0.0046292803973275705
201,1.1078914403915403,0.9641088912928136,0.0047105942182300705
202,1.1106530427932741,0.960405049038608,0.004496874631037805
203,1.113418459892273,0.9636287772812748,0.0036566185519519077
204,1.116187334060669,0.9770289279176132,0.004089677945886819
205,1.118959903717041,0.9681864144988266,0.004880081038441771
206,1.12173593044281,0.9765808549334781,0.0047670279175251115
207,1.1245152950286863,0.9761355167505528,0.004969743845421214
208,1.12729811668396,0.9806260318712356,0.004986537676959824
209,1.1300842761993408,0.9913165424336868,0.004799276186951725
210,1.1328736543655396,0.991184818522016,0.004334257768274544
211,1.1356661319732666,1.000940260276109,0.005294235025465697
212,1.1384618282318115,1.0020811704169568,0.005060577163543848
213,1.1412605047225952,1.0039789650982032,0.00510082670351339
214,1.1440622806549072,1.0128963001149252,0.004014917352813128
215,1.1468669176101685,1.0135632666843435,0.003858528870613896
216,1.1496744155883791,1.0189457072055237,0.003788160801568128
217,1.1524847745895386,1.0165012170046714,0.004605749916632874
218,1.155297875404358,1.0283735016267836,0.004089519972478194
219,1.158113718032837,1.0275376527395583,0.0042942782022449685
220,1.160932183265686,1.022100425427043,0.004704220894983023
221,1.1637531518936155,1.034327384977464,0.0051445397618388
222,1.166576623916626,1.0356020948264997,0.0040331228864090695
223,1.1694025993347168,1.031606990625138,0.004436790018641237
224,1.1722310781478882,1.0400436941503743,0.003955503888367866
225,1.1750617027282717,1.031343927621596,0.004544847777806695
226,1.1778947114944458,1.0332151930581603,0.004440452917968367
227,1.1807299852371216,1.0351664450682032,0.003876208083662579
228,1.1835672855377195,1.043028015322759,0.004179573603231824
229,1.1864067316055298,1.0388420852422493,0.0035683198185670287
230,1.1892483234405518,1.0438677824381253,0.00408962885652078
231,1.192091703414917,1.0515544982829583,0.003409392274876192
232,1.194937229156494,1.0489482182883834,0.003870932005122858
233,1.197784423828125,1.043321720728829,0.004255554611474931
234,1.200633525848389,1.0588588488712949,0.004043182085902724
235,1.2034844160079956,1.0508003344323968,0.003968965634815955
236,1.2063369750976562,1.0531980403167975,0.00373925725990071
237,1.209191083908081,1.061250536176665,0.004715126893340801
238,1.2120468616485596,1.0660638032092744,0.003681361128625047
239,1.2149041891098022,1.0659204575012386,0.004030564262482494
240,1.2177629470825195,1.072399878050104,0.004116988928148834
241,1.220623016357422,1.070546760458574,0.003186271272946393
242,1.2234846353530884,1.06914510719856,0.0037671773972467464
243,1.2263474464416504,1.0700237065581604,0.004271369033503845
244,1.229211449623108,1.0723112782392876,0.003822899640199136
245,1.2320767641067505,1.0718892194939489,0.003986914812751113
246,1.234943151473999,1.0782178271680327,0.00430258126033305
247,1.2378106117248535,1.073940236206744,0.005186366881881727
248,1.240679144859314,1.08426247015272,0.0041104048661601
249,1.2435486316680908,1.0724224157987223,0.004875994866279428
250,1.246419072151184,1.07709086881496,0.005004869010592142
251,1.2492903470993042,1.0743561870493346,0.004283886842133624
252,1.2521624565124512,1.0798719200430054,0.004238963806663756
253,1.2550352811813354,1.0810428281347706,0.004897700122022581
254,1.2579089403152466,1.0816671398095812,0.004305511181949952
255,1.260783076286316,1.0800844909597065,0.0059184534263975195
256,1.2636579275131226,1.0976447086404333,0.004251427784899408
257,1.266533374786377,1.085785602322785,0.004448306095696613
258,1.2694092988967896,1.0912983520126402,0.005127772576576616
259,1.2722855806350708,1.09900042577892,0.004586135218014084
260,1.2751624584197998,1.0993225909289217,0.004658558038458597
261,1.278039574623108,1.0973286636656991,0.005222505299022597
262,1.2809169292449951,1.1040252761251015,0.005079255074765809
263,1.283794641494751,1.1013170878244818,0.005560467405262129
264,1.2866724729537964,1.102982266478718,0.004356455383293024
265,1.289550542831421,1.1035742371386084,0.004702973536459314
266,1.292428731918335,1.1042956570516158,0.005044074233811407
267,1.295306921005249,1.1074419598198832,0.004642826088414377
268,1.2981852293014526,1.1109466435511148,0.004723914638214166
269,1.3010634183883667,1.102203053189382,0.004459102976594888
270,1.3039416074752808,1.1051560863426046,0.005433695922558878
271,1.3068195581436155,1.106988268738352,0.004595648574892395
272,1.3096973896026611,1.1068808587236416,0.004534992846423061
273,1.3125749826431274,1.1209633664389993,0.004479032683654701
274,1.3154523372650146,1.114806175657293,0.005392362103061614
275,1.3183294534683228,1.1109698249184472,0.004751001259272924
276,1.3212060928344729,1.119481675538902,0.004520298029988491
277,1.3240823745727541,1.1094919010997513,0.004777935117156171
278,1.3269582986831665,1.116256594129747,0.005827525591847194
279,1.3298336267471311,1.116256594129747,0.0053724579354958776
280,1.332708477973938,1.1154257417878974,0.006374580293435033
281,1.3355828523635864,1.1122026828163836,0.0067043860614407515
282,1.3384565114974976,1.1065166191548004,0.008016339419263172
283,1.3413294553756714,1.1053401882046323,0.008688762659874689
284,1.3442018032073977,1.1021554365788504,0.009340529519464116
285,1.3470734357833862,1.0819134110574053,0.009816717757326888
286,1.349944233894348,1.0831556654487042,0.011476102898646003
287,1.3528141975402832,1.0694896085220318,0.011284388496374186
288,1.3556833267211914,1.0906053627484424,0.014610240868588732
289,1.3585515022277832,1.0801280539262383,0.025036856844151745
290,1.361418843269348,1.0809332836361185,0.026085403457395958
291,1.3642851114273071,1.176037143316104,0.02936687682158925
292,1.3671504259109497,1.126785280235917,0.027799274136558756
293,1.3700146675109863,1.1626446681428897,0.033644493846886066
294,1.372877836227417,1.1997778294518626,0.03157085534930155
295,1.3757399320602417,1.1778218952501796,0.019646240021224233
296,1.3786007165908811,1.1787315163339414,0.018560726848532143
297,1.381460428237915,1.1398698697583969,0.02064819835721122
298,1.3843188285827637,1.1342516739610384,0.014405597170552556
299,1.3871760368347168,1.1392373465562828,0.01912813983727083
300,1.390031814575195,1.1266601054460446,0.015871888502043578
301,1.3928862810134888,1.146221086242029,0.017502826768178836
302,1.3957394361495972,1.1621122252605973,0.011046968178399485
303,1.398591160774231,1.1577908469892717,0.013193297596722582
304,1.4014413356781006,1.1575967730633236,0.015161916841908412
305,1.4042900800704956,1.1682872466463727,0.015715575090452585
306,1.407137393951416,1.1654596632799592,0.016273904735973906
307,1.4099831581115725,1.186660398755777,0.015465732283429788
308,1.4128272533416748,1.1757845007557433,0.012238080650611815
309,1.4156697988510132,1.1708693877753178,0.012411585423395618
310,1.418510675430298,1.167440901068773,0.012482410285082483
311,1.4213497638702393,1.1423991685762018,0.010349962830595454
312,1.4241873025894165,1.1694504116053128,0.009024377975860667
313,1.4270230531692505,1.1583983805768228,0.009209909924998472
314,1.4298571348190308,1.1632577438667768,0.008634547614821454
315,1.4326893091201782,1.1676563305213,0.007801259658314622
316,1.4355196952819824,1.1658020209394164,0.008568721307223947
317,1.4383481740951538,1.1668280794256478,0.008191284381323256
318,1.441174864768982,1.1936409694124137,0.009065714417052664
319,1.4439996480941772,1.1934727106653242,0.00926594051607598
320,1.4468224048614502,1.201820641597022,0.007963525549495096
321,1.4496432542800903,1.2049975954774022,0.010569939125168269
322,1.452462077140808,1.191836835751191,0.006958259933585268
323,1.4552788734436035,1.2013590154537026,0.008958768717371298
324,1.458093762397766,1.1962870090867326,0.008225525079703918
325,1.4609065055847168,1.203857922322635,0.007815271384613687
326,1.4637171030044556,1.204990473509032,0.006700938663223913
327,1.466525673866272,1.1987008521221485,0.007072706819147859
328,1.469331979751587,1.1914372042530172,0.006482001113025088
329,1.4721362590789795,1.2081621530863231,0.005273193584677226
330,1.4749382734298706,1.2166086633910143,0.007761320242611948
331,1.4777380228042605,1.2265547180871894,0.005990660702743868
332,1.4805356264114382,1.2244768456171042,0.006165375546729606
333,1.4833309650421145,1.2275760662044195,0.005879109396505466
334,1.486124038696289,1.2228377954218397,0.004490281220967179
335,1.4889147281646729,1.2227328505705997,0.005535709075947791
336,1.4917031526565552,1.217805605590446,0.005988623323137401
337,1.4944891929626465,1.2200062259757882,0.005814972303059895
338,1.4972729682922363,1.2178792280459407,0.0060237559365261045
339,1.5000542402267456,1.2368286365744785,0.005961848634156757
340,1.502833127975464,1.2294691037918732,0.006414466075569192
341,1.5056096315383911,1.238458356742501,0.006773717930906924
342,1.5083837509155271,1.2260998595167845,0.006076276896414276
343,1.511155366897583,1.2319505401079223,0.0055866487375442675
344,1.513924479484558,1.2426751528235216,0.007659898264701099
345,1.5166910886764526,1.2405590877317652,0.006170350132351417
346,1.5194551944732666,1.2420795178654687,0.005299020831174305
347,1.522216796875,1.2441992459291564,0.005759928800409698
348,1.5249757766723633,1.2487300584518661,0.005587247759831195
349,1.527732253074646,1.238344271661304,0.004832938126889692
350,1.5304861068725586,1.226626173333516,0.0058771131668411865
351,1.5332374572753906,1.2435271928337133,0.0049212465321945365
352,1.5359860658645632,1.2531972984718338,0.005637127422797272
353,1.5387321710586548,1.2520794517569147,0.0050885885090515386
354,1.541475534439087,1.2577829170469965,0.006347175208860066
355,1.5442162752151491,1.2476248746590377,0.004584071556063196
356,1.5469543933868408,1.2543793238642391,0.00517509222446964
357,1.549689769744873,1.2548699770830758,0.004752404505812959
358,1.5524224042892456,1.2504897958068448,0.00497120631099305
359,1.555152416229248,1.2590161973879137,0.006296534724373669
360,1.5578796863555908,1.2531790841259345,0.0071751180078656095
361,1.5606042146682741,1.253561284383432,0.006173719536336538
362,1.5633260011672974,1.2552592509965002,0.005739257735899311
363,1.5660450458526611,1.2456745716007056,0.005655891038360962
364,1.5687613487243652,1.2477049410441383,0.005985338519091264
365,1.57147479057312,1.2459499869111013,0.007184548815515885
366,1.574185490608215,1.241249096509362,0.006920132022849273
367,1.5768934488296509,1.2386774813084906,0.006083357031014253
368,1.5795984268188477,1.249168555465871,0.005991396590194301
369,1.5823007822036743,1.247489632301133,0.0071280446481709215
370,1.5850001573562622,1.2470989577599096,0.006178470391933896
371,1.5876967906951904,1.2416814955094153,0.005267612160555834
372,1.5903905630111694,1.2441663737788122,0.006702493612203892
373,1.5930814743041992,1.2537503003520616,0.007138318154259046
374,1.5957695245742798,1.2488289789244855,0.006448623413077217
375,1.5984545946121216,1.2561327067999541,0.00718247979425618
376,1.6011369228363037,1.2581130635946236,0.006524124378867339
377,1.6038163900375366,1.2416858223706375,0.005707980329773251
378,1.6064928770065308,1.251308999685698,0.0060751502151568755
379,1.6091665029525757,1.2533131653421823,0.0073548549591569
380,1.6118372678756714,1.2520160575575925,0.006053956703928944
381,1.6145050525665283,1.250764787147447,0.006908974195096412
382,1.617169976234436,1.2421607479708194,0.007670350790233592
383,1.619831919670105,1.2435032044126286,0.007437035691012061
384,1.6224910020828247,1.2574292829587534,0.008020758679688704
385,1.6251471042633057,1.2492823275608171,0.007062577331461175
386,1.627800226211548,1.2406723273177498,0.006778952933871661
387,1.6304504871368408,1.2478128582190988,0.007730848378424974
388,1.6330978870391846,1.2517178385876344,0.007161773661836604
389,1.6357421875,1.2553207446068682,0.005548813711491421
390,1.6383836269378662,1.245075306457826,0.006182068028339367
391,1.6410220861434937,1.2585649909040777,0.005392786368443175
392,1.643657684326172,1.246576167752769,0.005999437353657986
393,1.6462901830673218,1.251788785363135,0.0055861757032506015
394,1.6489198207855225,1.2518496661405007,0.007003093101238264
395,1.6515464782714844,1.2516315791137478,0.004906886127104477
396,1.6541701555252075,1.2496715239865042,0.006845484138083504
397,1.656790852546692,1.2450784033282634,0.006384864968429477
398,1.6594086885452268,1.2470986541317353,0.006624501376800864
399,1.662023425102234,1.232503797436462,0.00785971469623769
400,1.6646353006362915,1.2397418321164415,0.006674494130107339
401,1.6672441959381104,1.2539518429523842,0.005609994274618114
402,1.6698499917984009,1.2500547209160056,0.006961549250107812
403,1.6724529266357422,1.2516950383153145,0.006893644703960818
404,1.6750530004501345,1.248227082593796,0.006293648383567757
405,1.677649974822998,1.2476695438419658,0.0059352904860595496
406,1.680243968963623,1.2398843714193089,0.00685157909376364
407,1.6828351020812988,1.2402230027495385,0.006717668298765776
408,1.6854232549667358,1.2413366065239213,0.006317117692633842
409,1.688008427619934,1.2312270239778182,0.007227341203158742
410,1.6905906200408936,1.244446649506893,0.005629417950148365
411,1.6931698322296145,1.2427042038297826,0.007220453096797935
412,1.6957461833953855,1.2430717950912138,0.006968038438173977
413,1.6983195543289185,1.2378982900110478,0.005939221947217024
414,1.7008899450302124,1.2282074811272004,0.0064768020211055126
415,1.7034573554992676,1.233985623383158,0.006440539648889687
416,1.7060219049453735,1.2318784505856593,0.008278320886796933
417,1.7085834741592407,1.2280130630703323,0.005889450867667412
418,1.7111420631408691,1.2280218108327299,0.00682939893327607
419,1.7136977910995483,1.232349611968515,0.007687757952324092
420,1.7162505388259888,1.2260157350458871,0.006267557825118084
421,1.71880042552948,1.2275022754209235,0.006689386488175778
422,1.7213473320007324,1.2307275884720577,0.006660573926286979
423,1.7238913774490356,1.2287538853097286,0.005567622335744485
424,1.7264324426651,1.2266509979113769,0.007530878438186367
425,1.728970646858215,1.2255175809584884,0.006997180446747683
426,1.7315059900283811,1.2316679571652718,0.008903662685058884
427,1.7340383529663086,1.2327140160562542,0.008196475392519267
428,1.7365678548812866,1.2370787797935687,0.006433826027170287
429,1.7390944957733154,1.2303759131222929,0.007262657164011643
430,1.7416181564331057,1.2251774802593012,0.006377263886080058
431,1.7441390752792358,1.2312572595045603,0.007014127126679734
432,1.7466570138931274,1.2204577403159942,0.006740545228488732
433,1.7491722106933594,1.2220480622272891,0.007438361484111619
434,1.7516844272613523,1.208708009985456,0.007303178888038619
435,1.754193902015686,1.207166214279631,0.006768598520246696
436,1.7567003965377808,1.2136672787979723,0.007040785465456465
437,1.7592041492462158,1.208017420877884,0.008517361358838856
438,1.7617050409317017,1.2013040899530252,0.007858863709008278
439,1.7642030715942385,1.2112987906684958,0.007212777523154691
440,1.7666983604431152,1.2127911634903292,0.008309077664649674
441,1.7691907882690432,1.204139436337487,0.009263625322794008
442,1.771680474281311,1.2045543193339594,0.008452502983123798
443,1.77416729927063,1.1987480981315788,0.007109013099522346
444,1.7766512632369995,1.1914996850865522,0.007927662755025664
445,1.779132604598999,1.1939553790953532,0.009670237637600545
446,1.781611084938049,1.2028851660197548,0.007519966272048052
447,1.78408682346344,1.195117131255652,0.009954674543273517
448,1.7865597009658811,1.206506445976552,0.010165248174034776
449,1.7890299558639526,1.181334926720666,0.010333373700401646
450,1.7914973497390747,1.185003911735979,0.011046235865743876
451,1.7939621210098269,1.1882167740208742,0.008282746192044329
452,1.796424150466919,1.1869851995476681,0.009287051098350091
453,1.7988834381103516,1.1813282844698372,0.010581871509100156
454,1.8013399839401243,1.180466728338068,0.010465457777031234
455,1.8037937879562376,1.1970166168115075,0.012049783227002708
456,1.806244969367981,1.183478401418718,0.013175035676113117
457,1.8086934089660645,1.190996732665616,0.013236395564661385
458,1.8111392259597776,1.181176678938045,0.015808711740272225
459,1.8135824203491209,1.1790302342515142,0.016763358093270075
460,1.816022872924805,1.1904980311961897,0.014418076962109932
461,1.8184607028961184,1.1532286384051185,0.019693446540543644
462,1.820895791053772,1.1888956930294379,0.018215555278781007
463,1.8233283758163448,1.1498316718178674,0.027604160675787744
464,1.8257583379745483,1.121803194440125,0.026368157402012853
465,1.828185558319092,1.1799202331834338,0.02066833148721838
466,1.830610275268555,1.1488608038313501,0.027724805530854935
467,1.8330323696136477,1.2209443440278902,0.03843200369904688
468,1.83545184135437,1.1713303017926058,0.05569045948371937
469,1.837868809700012,1.202661686975339,0.056686007826920855
470,1.840283155441284,1.1166582306786372,0.034961413253611
471,1.842694997787476,1.1150421766318723,0.039390658687445915
472,1.8451042175292969,1.1439424358954215,0.0375947315434755
473,1.847510814666748,1.1197997832230837,0.03466977195413875
474,1.849915027618408,1.228219952169057,0.003585366260271404
475,1.8523166179656985,1.2592265899934176,0.058560488123850334
476,1.8547158241271973,1.1626918375597926,0.03226900034373614
477,1.8571124076843264,1.1538223572036177,0.013042896915927938
478,1.8595064878463743,1.0383078138404442,0.090734355248624
479,1.861898183822632,1.234987894808606,0.0686057783546196
480,1.864287257194519,1.2998997085157833,0.07315919193168083
481,1.8666739463806152,1.1777154727956058,0.04356289579041478
482,1.8690581321716309,1.2527367825507056,0.044957272402783355
483,1.8714399337768557,1.1972733036447856,0.018964338014410623
484,1.8738192319869995,1.2209186276681356,0.0809145905457504
485,1.8761961460113523,1.1899024545252843,0.07632167717010756
486,1.8785706758499143,1.1542299095569306,0.04147463224870744
487,1.880942702293396,1.191375630617397,0.06519199364401074
488,1.8833123445510864,1.156856228970669,0.03681355278937294
489,1.8856796026229856,1.1527805919237015,0.03234833246031963
490,1.8880444765090945,1.1315820184895191,0.015706411669710634
491,1.890406966209412,1.1930893012928299,0.03497383902984058
492,1.8927670717239382,1.1358578887242687,0.03352358017601878
493,1.8951249122619631,1.1543311704978945,0.02725843521604654
494,1.8974802494049072,1.2757089021453205,0.05329574162911118
495,1.89983344078064,1.171464690785542,0.06528015399584332
496,1.9021841287612915,1.1528912068687562,0.05650760373185398
497,1.904532551765442,1.2066921093131646,0.11532786050240369
498,1.9068787097930908,1.1147849181180827,0.025585836238421863
499,1.9092224836349487,1.1133461529736044,0.048618936855703364
500,1.9115639925003047,1.1678690918309176,0.025904279331405853
501,1.91390323638916,1.1966879341798382,0.031093915196908493
502,1.9162402153015137,1.1271089112293182,0.03200214737986696
503,1.918574810028076,1.1476734693201507,0.026482404007155038
504,1.9209072589874268,1.1010173588901628,0.029497429255008725
505,1.923237442970276,1.130037214869977,0.014111881528228544
506,1.9255653619766235,1.1460539759951882,0.021943062801249677
507,1.9278910160064695,1.1521925651939298,0.020986293891963086
508,1.930214524269104,1.1427071106523023,0.019019276356308366
509,1.9325356483459477,1.1712915048854462,0.018712759118208095
510,1.934854745864868,1.1287169122736005,0.016425166088247897
511,1.937171578407288,1.1387353571979408,0.015312667404267337
512,1.9394861459732056,1.1580640132786562,0.015001400503003767
513,1.941798567771912,1.1369705106637902,0.015724494850985947
514,1.9441088438034055,1.1358848313597234,0.01754553977654925
515,1.9464169740676882,1.140855400503654,0.015474306484220693
516,1.9487228393554688,1.1496963147591819,0.012311678978656879
517,1.9510265588760376,1.1531568598234234,0.01419737626008827
518,1.953328251838684,1.118463085357582,0.01596071899417397
519,1.955627679824829,1.1452112588291437,0.011580781898767004
520,1.9579249620437624,1.1470943197921688,0.011964287554712712
521,1.9602202177047732,1.154709428804609,0.0131228443145185
522,1.962513327598572,1.1637193031340578,0.010856920139794047
523,1.9648042917251587,1.1663059319986864,0.010751989456793242
524,1.9670931100845337,1.1647460217665229,0.011058116180626713
525,1.9693799018859863,1.1607039019451255,0.013176476020597258
526,1.9716645479202268,1.1571756123628325,0.01170361479869883
527,1.9739471673965452,1.1508924870562984,0.009489620360623023
528,1.976227641105652,1.1481828766414188,0.012196026266230986
529,1.978506088256836,1.161418278856176,0.012228940306819171
530,1.9807825088500977,1.177349370912692,0.009851855542743879
531,1.9830567836761477,1.158633903611848,0.011861945457404427
532,1.985329031944275,1.1394370340494526,0.012349745571451782
533,1.98759925365448,1.1506120145165186,0.01459091068756321
534,1.9898673295974727,1.1292505369369987,0.013283341592897095
535,1.9921334981918333,1.1312714320172845,0.013695817833658391
536,1.994397521018982,1.1277456573691276,0.011796150198296503
537,1.9966596364974976,1.1114057375645352,0.012527056630434939
538,1.9989196062088013,1.100020803909899,0.01572469160125207
539,2.0011775493621826,1.1555849078343876,0.015448407885843108
540,2.0034337043762207,1.1359798896530489,0.011934880795085524
541,2.005687713623047,1.178767322009498,0.01512642466823581
542,2.0079395771026607,1.1637871198303171,0.020361395867057163
543,2.0101895332336426,1.1585237371757149,0.016503490433850077
544,2.0124375820159908,1.1616700339591568,0.015821159182578055
545,2.0146837234497066,1.1615014933754688,0.01398904040044988
546,2.016927719116211,1.1636154166532091,0.010580292600402462
547,2.0191695690155034,1.1748010265966595,0.012459813660330006
548,2.0214097499847408,1.1631095976791594,0.01171893235797947
549,2.023647785186768,1.1681692380483382,0.01048770199678298
550,2.0258839130401607,1.1783684125950602,0.011941567410063393
551,2.028118133544922,1.179128239263096,0.013870098031702716
552,2.0303502082824707,1.1683959928515164,0.012196574785242333
553,2.032580614089966,1.1583327479366328,0.015409114422114394
554,2.034808874130249,1.1734470195369688,0.01073019849550428
555,2.0370349884033203,1.1734954197922118,0.011110972385576052
556,2.0392594337463383,1.1600299763813429,0.010665173679546391
557,2.0414819717407227,1.1419638689977325,0.012355576864436087
558,2.0437023639678955,1.1536858901184113,0.011794557361070443
559,2.0459208488464355,1.1605979155638426,0.010049279340363693
560,2.0481374263763428,1.152593982853302,0.012214151304251172
561,2.0503520965576167,1.1751819616239356,0.00981701805173305
562,2.0525648593902592,1.1717234158554135,0.009707575028650663
563,2.054775714874268,1.1665011131602787,0.01217959777511733
564,2.0569844245910645,1.176324781964233,0.012880640449199935
565,2.059191465377808,1.1694864495925879,0.009380148249696085
566,2.0613963603973393,1.1690839166549385,0.01162470340325782
567,2.0635993480682373,1.1574313770755635,0.012073073542651549
568,2.0658004283905034,1.1678207553870026,0.0096868647962917
569,2.067999601364136,1.1813789453411434,0.00856298682416832
570,2.070196866989136,1.1647896619827816,0.009292087979143078
571,2.0723922252655034,1.1818146608341304,0.009722652623913891
572,2.0745856761932373,1.1773408574480426,0.009172433632227759
573,2.0767772197723393,1.16043359543823,0.00879295311042876
574,2.0789666175842285,1.1712020480850882,0.009702988427618433
575,2.0811543464660645,1.1711015622610006,0.009117834890040128
576,2.0833399295806885,1.1729429324416465,0.00857725642796059
577,2.0855238437652592,1.1674579600428627,0.009639961128676216
578,2.0877056121826167,1.183900154335748,0.009099077545295037
579,2.0898854732513428,1.1623849154833858,0.01000041867663377
580,2.0920634269714355,1.1678041595776862,0.008406482831684409
581,2.0942394733428955,1.160896929251905,0.008359958063029417
582,2.0964136123657227,1.1829255996150019,0.008636030471182441
583,2.098585844039917,1.1890473313056094,0.00789640122141704
584,2.1007561683654785,1.1783364424006773,0.007728114550799402
585,2.1029245853424072,1.1646160844676228,0.00919502309183703
586,2.105090856552124,1.1885922427479372,0.008672104607521306
587,2.107255220413208,1.1981156636611836,0.008759812252269916
588,2.1094179153442383,1.1875559530809041,0.007721343789267126
589,2.1115784645080566,1.1821266642102533,0.008698641770213832
590,2.1137371063232417,1.1795639017210855,0.011852600465721777
591,2.115893602371216,1.1809566072020072,0.008732729768673925
592,2.118048429489136,1.181336893205128,0.013198668842307694
593,2.120201110839844,1.17526261422434,0.011024921430534122
594,2.122351884841919,1.1825224251136723,0.010308973794191755
595,2.1245007514953613,1.178509193766025,0.01193035704036933
596,2.126647710800171,1.1755103936113294,0.010638239061083014
597,2.128792524337769,1.181054997517803,0.011538669876393225
598,2.1309356689453125,1.1917455711611875,0.010120202027753142
599,2.1330766677856445,1.1920090698462869,0.010461736396814747
600,2.1352155208587646,1.1890797695772746,0.009265847926147302
601,2.137352705001831,1.1845033075797098,0.010566068925977844
602,2.139487743377685,1.2005970549564515,0.009616653383546558
603,2.1416208744049072,1.1741343985720696,0.010649438420644175
604,2.143751859664917,1.1947413515642151,0.011123932192800895
605,2.145880937576294,1.1845013239762763,0.010881367031858536
606,2.148008108139038,1.1860038833390272,0.009883856193036989
607,2.1501331329345703,1.1806709839929532,0.010818286842678649
608,2.1522562503814697,1.2029658348767835,0.011589668194165093
609,2.154377222061157,1.2153485089914364,0.012265302657965474
610,2.156496286392212,1.200009907251084,0.014053358698148338
611,2.1586132049560547,1.1881228213220503,0.013155043450193823
612,2.1607282161712646,1.1951757753337104,0.010769997662592404
613,2.162841320037842,1.19031091230931,0.010743649614957319
614,2.1649522781372066,1.1928570708515873,0.011720622076840645
615,2.1670610904693604,1.203523758297897,0.011935926280999133
616,2.169167995452881,1.1940516640220755,0.010706923408153688
617,2.171272754669189,1.1993974986101916,0.009954959013226603
618,2.1733753681182857,1.1920358186531286,0.012600717932582281
619,2.17547607421875,1.183828277537988,0.013078495803355766
620,2.177574634552002,1.1983991297225398,0.01404114125168
621,2.1796712875366206,1.2136791852987812,0.011659842122734278
622,2.1817655563354488,1.1892413877994703,0.01556153727988151
623,2.1838579177856445,1.1849575463352209,0.011253145512673658
624,2.1859483718872066,1.1754594591827687,0.014341208287892064
625,2.1880364418029785,1.1786864034068685,0.014065519412499205
626,2.190122365951538,1.1879842599501798,0.011904459065522826
627,2.1922063827514653,1.1869913666952554,0.013654692950623663
628,2.19428825378418,1.191703599238159,0.011489767821904499
629,2.1963679790496826,1.1962916108945472,0.011861694429073148
630,2.1984455585479736,1.2248558406959331,0.010314873797410059
631,2.2005209922790527,1.1967793672848681,0.01244573763243964
632,2.20259428024292,1.2175033738092127,0.01263091087205328
633,2.204665422439575,1.1890393905576015,0.013143377505337582
634,2.2067344188690186,1.2305231926347548,0.011683303939467751
635,2.20880126953125,1.1922032294913172,0.013559058784898298
636,2.210865974426269,1.2283375837587,0.012022575671324564
637,2.212928295135498,1.2053471751226599,0.011356851639606744
638,2.2149887084960938,1.2085051333469843,0.01194282393263871
639,2.2170467376708984,1.221642455580017,0.010831647986872533
640,2.2191028594970703,1.2057075969045836,0.011052925001032742
641,2.221156358718872,1.217661116814917,0.01105122145362823
642,2.223207950592041,1.215153157713877,0.010253677676597128
643,2.225257396697998,1.2182767410840696,0.012177590889554212
644,2.227304458618164,1.2197441215470706,0.010122264074636922
645,2.229349136352539,1.19576826398451,0.011979943463696097
646,2.231391906738281,1.2166238947807613,0.012332281877381727
647,2.2334322929382324,1.2035032445680973,0.012322107220781704
648,2.2354702949523926,1.2362373840148235,0.011460881671472443
649,2.237506151199341,1.2184584349530476,0.011861423361334915
650,2.2395398616790767,1.21084172092988,0.009615480862033097
651,2.2415711879730225,1.2339306260897716,0.011284473717116942
652,2.243600368499756,1.2143757503803196,0.010144933312959313
653,2.2456271648406982,1.2161270330261598,0.011100234479236071
654,2.2476515769958496,1.1943777625764254,0.011538138822548397
655,2.249673843383789,1.2111998845984058,0.012808382289262742
656,2.251693725585937,1.2230162355998715,0.010237515127973159
657,2.253711462020874,1.215765765340023,0.009639984594106848
658,2.2557268142700195,1.2053798803629672,0.012814484351051505
659,2.257739782333374,1.2104304895349125,0.012311913108570306
660,2.259750366210937,1.1917359846904203,0.012356000348273716
661,2.261758804321289,1.1946162021330038,0.013810642312236587
662,2.2637648582458496,1.2068849806249697,0.012106444834647113
663,2.265768527984619,1.199377637615198,0.009004006278188799
664,2.2677698135375977,1.188455229151447,0.012645765152728788
665,2.269768714904785,1.2126678756426923,0.011489037945583733
666,2.2717654705047607,1.1798257569685893,0.012355399185194436
667,2.2737598419189453,1.1944663681017815,0.0138663862144518
668,2.27575159072876,1.2199704333645625,0.014871313633967116
669,2.2777411937713623,1.2176477938654662,0.011001075663573067
670,2.279728412628174,1.2179971143679968,0.01247730301519084
671,2.2817132472991943,1.2203303229651383,0.011710028436079881
672,2.283695697784424,1.2144355690135396,0.010705580503654876
673,2.2856757640838623,1.2194668351992175,0.011466908495331492
674,2.2876532077789307,1.2233865620918936,0.00966463797244935
675,2.289628505706787,1.2216709164780228,0.011239944918367484
676,2.2916014194488525,1.2119893224949787,0.011344071396744265
677,2.293571949005127,1.2221608100569792,0.014257352848374458
678,2.2955398559570312,1.2131335246614998,0.012936256105347328
679,2.297505617141724,1.213323514670598,0.011175194866392704
680,2.299468755722046,1.222091339501358,0.012545190926316589
681,2.301429748535156,1.2121450269915053,0.01120585174340227
682,2.3033881187438965,1.205069061132788,0.011133034650929591
683,2.3053441047668457,1.2273664044159605,0.013656928577830945
684,2.307297706604004,1.2337346875966535,0.014265343112896912
685,2.309248924255371,1.232974419718948,0.014323105256984001
686,2.3111977577209477,1.2263551897129545,0.013662627267389423
687,2.3131439685821533,1.2234972177182826,0.01356883827102176
688,2.3150880336761475,1.2382363496438242,0.013924256861344426
689,2.3170294761657715,1.245006124769163,0.012142274994177143
690,2.3189685344696045,1.2193762261276826,0.015648875780635268
691,2.3209052085876465,1.2289764029447894,0.01470481893647671
692,2.322839498519897,1.2548179687324215,0.015007535645924068
693,2.3247714042663574,1.2362962653844638,0.015148775297840882
694,2.3267009258270264,1.2473020778463544,0.014585064920950686
695,2.328627824783325,1.2367223897876145,0.014740660346309978
696,2.330552577972412,1.2224867573439189,0.014766399443188688
697,2.332474708557129,1.2365833519721776,0.01850216123243543
698,2.3343944549560547,1.2279890661319883,0.013927118838822777
699,2.336311817169189,1.2308325310303236,0.015790051147567572
700,2.338226795196533,1.2312143416023764,0.013862842764986205
701,2.340139389038086,1.2571944379966546,0.017049547628458707
702,2.342049598693848,1.2524723366898367,0.017197035928917494
703,2.3439574241638184,1.2307776474068526,0.021338038614441335
704,2.345862865447998,1.2302217257485384,0.02036086112615846
705,2.3477659225463867,1.2202114504629877,0.023268004476196417
706,2.3496668338775635,1.2497729231972792,0.02138057431234192
707,2.35156512260437,1.235555010447117,0.0157796084387723
708,2.3534610271453857,1.2280307638184729,0.01981368820232991
709,2.355354785919189,1.242911191824348,0.01829279763860521
710,2.357245922088623,1.2337302630623732,0.015081803061399968
711,2.3591349124908447,1.2391307733758181,0.01668389624715837
712,2.3610217571258545,1.2635107734754962,0.021976597600710905
713,2.362905979156494,1.2664656283693587,0.017697034215519734
714,2.364788055419922,1.2279944641566485,0.02234528332134967
715,2.3666677474975586,1.238218602404333,0.019757130785572452
716,2.3685452938079834,1.2138340418813545,0.020400395475412093
717,2.3704204559326167,1.23759805090371,0.01963713927766375
718,2.372293472290039,1.2319907369510392,0.017267149249883276
719,2.37416410446167,1.2578122154245621,0.01722764970242776
720,2.376032590866089,1.2446355599631962,0.0165460286591567
721,2.377898931503296,1.2613456728191943,0.021951505329948405
722,2.379763126373291,1.2461766835813262,0.020592847972052183
723,2.381624937057495,1.2290949226534709,0.017512470735063228
724,2.3834848403930664,1.2472050959333056,0.02218633080486292
725,2.3853423595428467,1.2474177122268026,0.018340301478605714
726,2.387197732925415,1.2348540614817556,0.01974613547931557
727,2.3890511989593506,1.2526237485806209,0.01579092548108119
728,2.390902519226074,1.266404296194353,0.0173426531979088
729,2.392751693725586,1.2697926423123638,0.019628023752084868
730,2.3945987224578857,1.2299854477455396,0.01935782514055743
731,2.3964438438415527,1.2573704727805617,0.021519211323750113
732,2.398287057876587,1.2987449541046998,0.0252087592718782
733,2.400128126144409,1.2334243141700183,0.02552039866755843
734,2.401967287063598,1.2987597178500865,0.020542277111644247
735,2.4038045406341557,1.2654865287362902,0.02638786434619669
736,2.4056396484375,1.2971600647628174,0.028653726200851666
737,2.407473087310791,1.2433031309873686,0.03649884110816454
738,2.409304618835449,1.2362764662929,0.025370678031177492
739,2.4111344814300537,1.2435991137294462,0.02496124181215167
740,2.4129624366760254,1.2477838268780077,0.026408022002492364
741,2.4147884845733643,1.2873762141311778,0.02667582611257898
742,2.4166128635406494,1.2643627158543964,0.02562357868877217
743,2.418435573577881,1.2958018460239584,0.020376419454345818
744,2.4202566146850586,1.2678473700670734,0.02844191670976411
745,2.4220757484436035,1.2748593888450643,0.02542420724332591
746,2.423893690109253,1.2668503212327002,0.021383335226637927
747,2.425709724426269,1.2860818389749151,0.03102762581220097
748,2.4275243282318115,1.2684301199184198,0.021566388655062774
749,2.429337501525879,1.2155447047600827,0.0236845934931566
750,2.4311490058898926,1.3112119700754514,0.030621956229913053
751,2.4329593181610107,1.2417050816676363,0.028345213176353804
752,2.434767961502075,1.3222343818375886,0.03415311953344267
753,2.436575412750244,1.2642533241943776,0.03251564903721954
754,2.4383816719055176,1.3067804665221618,0.033998023119759545
755,2.4401865005493164,1.2173698190284186,0.030520456330568192
756,2.44199013710022,1.2331939787761488,0.02561874387217147
757,2.4437925815582275,1.2622462403722017,0.02956722664287866
758,2.445594072341919,1.246629538350326,0.033012673803679976
759,2.447394132614136,1.2361365236462418,0.03872865686947546
760,2.4491934776306152,1.297297994961352,0.03227791824286108
761,2.450991630554199,1.1999008246247445,0.03827133631313398
762,2.452789068222046,1.2486317801766496,0.028571483212340962
763,2.454585552215576,1.2594536351501633,0.04613539334457497
764,2.45638108253479,1.2202922629744573,0.044460935809472205
765,2.4581758975982666,1.225488517099932,0.034652521643019005
766,2.459969997406006,1.2954147333842863,0.033707189877502715
767,2.4617633819580083,1.234566727281177,0.03902456416961884
768,2.463556289672852,1.216102796179325,0.0454266901842015
769,2.465348720550537,1.237007349251691,0.043267884554886026
770,2.4671404361724854,1.2533065227869622,0.04128136129218626
771,2.4689319133758545,1.3017652733570686,0.04513627824388741
772,2.470722913742065,1.236469511167987,0.04776638807114355
773,2.4725136756896973,1.3059665032109276,0.05310471907217434
774,2.47430419921875,1.2251367844233811,0.06083736343116364
775,2.476094484329224,1.2516296947252268,0.06450864245075523
776,2.4778847694396973,1.3664687183103152,0.05954254980207355
777,2.479675054550171,1.2696254485884504,0.05265018029130157
778,2.481465578079224,1.1887680943858767,0.05202901023094732
779,2.4832561016082764,1.1623122245098565,0.11681123230393077
780,2.485046625137329,1.3541258206572837,0.07579596635891334
781,2.48683762550354,1.3130740065605417,0.09978699711275706
782,2.48862886428833,1.2872521076599286,0.09315665428108404
783,2.4904208183288574,1.3459818857680048,0.05960330220675385
784,2.492213010787964,1.3166185916013333,0.11723268729102503
785,2.494005918502808,1.4077391145630873,0.07230180145311564
786,2.4957995414733887,1.2855724110305267,0.0634197473290906
787,2.497593879699707,1.3100929859248789,0.07997540090158817
788,2.499389171600342,1.3321082533558601,0.07584257366348225
789,2.501185178756714,1.2787724824865028,0.06986323357105234
790,2.502982378005981,1.3138498107191376,0.0802528060129937
791,2.5047807693481445,1.322188283495747,0.10672978805776032
792,2.506580352783203,1.1407656716256347,0.2181368958726215
793,2.5083813667297363,1.2537186153961681,0.120064187617895
794,2.510183572769165,0.778173390161621,0.16596298490059852
795,2.5119874477386475,0.9243263555098741,0.017010893532119584
